product_id,row_provenance,product_name,category,product_status,paid_submission,entry_tier_name,collection_date,coder_role,coder_pass,archive_status,primary_source_url,archive_status_verified,resolving_captures,local_source_files,headline_price_usd,headline_billing_basis,first_charge_amount_usd,mandatory_addon_present,annual_condition_disclosure,annual_default_toggle,free_plan_exists,free_plan_cap_documented,free_plan_cap_value,free_plan_watermark,free_plan_duration,trial_exists,trial_card_required,trial_length_days,trial_auto_converts,credit_system_present,credit_unit_defined,credit_to_output_rate_published,credit_rate_location,cost_per_output_unit,cost_per_output_computable,computation_assumptions,credit_rollover_policy,failed_generation_charge_policy,auto_renewal_default,auto_renewal_disclosure_location,renewal_notice_commitment,refund_policy_exists,refund_window_days,refund_conditions,cancellation_self_serve,refund_policy_location,commercial_use_lowest_tier,watermark_removal_tier,output_ownership_statement,usage_cap_quantified,unquantified_limit_clause
10web,adjudicated,10Web,AI website builder,active,no,AI Starter,2026-08-16,adjudicated,3,archived,https://10web.io/pricing-platform/,archived,7,44,10.00,per_month_billed_annually,120.00,no,adjacent,annual_preselected,yes,all_quantified,conflicting,unknown,perpetual,yes,yes,7,conflicting,yes,yes,partial,docs_help_center,other,yes,"AI Starter (entry tier), default display state (Business tab / Annually toggle): $10.00/mo includes 1 website, both already on a monthly basis so no period conversion is needed. 10.00 / 1 = 10.00 per website per month, matching the vendor's own card text '$10 per website'. First charge $120.00/yr is the vendor's own stated annual total ('Get 12 months for $120'), not a coder multiplication (it happens to equal 10 x 12). AI Credits (100/mo) are a separate, secondary in-product resource, not the unit this computation uses.",unknown,unknown,on,multiple,no_notice_stated,no_refunds_stated,0,not_applicable,self_serve_documented,multiple,unknown,unknown,user_owns,all_caps_quantified,absent
adobe-express,adjudicated,Adobe Express,AI design,active,no,Acrobat Express,2026-08-16,adjudicated,3,local_copy_only,https://www.adobe.com/express/pricing,archived,7,9,10.99,per_month_billed_monthly,10.99,no,not_applicable,no_toggle,yes,some_quantified,5GB storage | 10 days version history | 1 account per social network | 5 lifetime generate-presentation uses | 2 lifetime 5-second-video generations | 10 PDF Quick Actions per month,unknown,perpetual,yes,unknown,7,yes,yes,yes,yes,docs_help_center,per_seat_month,yes,"Acrobat Express (entry tier), US/USD default-selector state: $10.99/mo billed monthly, 1 seat. Principal-output unit = per_seat_month (unmetered suite access, not a single countable artifact). Price and allowance already share the monthly period, so no conversion is needed under rule 3: cost per seat-month = 10.99 / 1 seat / 1 month = 10.99.",expires_at_period_end,unknown,on,multiple,no_notice_stated,yes,14,unconditional,self_serve_documented,dedicated_refund_page,free,unknown,user_owns,all_caps_quantified,present
adobe-firefly,adjudicated,Adobe Firefly,AI image generator,active,no,Firefly Standard,2026-08-16,adjudicated,3,archived,https://www.adobe.com/products/firefly/plans.html,archived,8,4,9.99,per_month_billed_monthly,9.99,no,not_applicable,no_toggle,yes,none_quantified,unknown,unknown,perpetual,yes,unknown,7,unknown,yes,yes,partial,docs_help_center,per_image,partial,"Firefly Standard entry tier, $9.99/mo, 2,000 generative credits/month, both already monthly (no period conversion needed). Vendor's own Standard/Premium-features comparison table (generative-credits-faq.html) states standard (principal) image generation 'Does not deduct credits' on Firefly Standard -- no rate applies, so no figure is computable for the plan's principal output. A rate IS published for the secondary/premium path: Firefly Image 5 model, 10 credits/generation (premium-features rate table). 9.99/2000=0.004995 USD/credit; x10=0.04995, approximately $0.05 per Firefly Image 5 (premium-model) generation. Does not represent standard/unlimited generation, which the entry tier is actually sold on and for which no credit rate exists.",expires_at_period_end,unknown,on,purchase_terms_doc,no_notice_stated,yes,14,unconditional,self_serve_documented,multiple,free,unknown,user_owns,some_quantified,present
aiclicks,primary,AIclicks,AI bot checker,active,no,Starter,2026-08-06,primary,1,archived,https://aiclicks.io/pricing,archived,10,5,59.0,per_month_billed_monthly,59.0,no,not_applicable,monthly_preselected,no,not_applicable,not_applicable,not_applicable,not_applicable,yes,no,3,yes,no,not_applicable,not_applicable,not_applicable,other,yes,"Starter (entry tier), $59/mo billed monthly per default display state; 30 tracked prompts/mo included per pricing-page comparison table. Same period already (monthly), no conversion needed. 59/30=1.9667, rounds to 1.97 per tracked prompt/month.",not_applicable,unknown,on,terms_only,unknown,no_refunds_stated,0,not_applicable,self_serve_documented,terms,unknown,not_applicable,unknown,all_caps_quantified,absent
aiva,adjudicated,AIVA,AI music generator,active,no,Standard Annually,2026-08-15,adjudicated,3,archived,https://www.aiva.ai/,archived,7,6,non_usd,per_month_billed_annually,non_usd,no,adjacent,annual_preselected,yes,all_quantified,3 downloads per month | 3 minutes maximum track duration,unknown,perpetual,no,not_applicable,not_applicable,not_applicable,no,not_applicable,not_applicable,not_applicable,other,yes,"Standard Annually (entry tier), default display state ""€11 / month + VAT, Billed Annually"". First charge: billing is once per 12 months per the ""Billed Annually"" label; no document states the annual total outright, so 11 x 12 = EUR 132.00 (VAT excluded, a tax, per rule 5). Cost per output: price and allowance are both already monthly (EUR 11/month; 15 downloads/month per the pricing page), so no period conversion is needed; 11 / 15 = EUR 0.73 per download (per composition/track, cost_per_output_unit = other).",not_applicable,unknown,on,terms_only,unknown,yes,unknown,conditional,self_serve_documented,multiple,lowest_paid,unknown,conditional,all_caps_quantified,absent
anomaly-ai,adjudicated,Anomaly AI,AI data analysis,active,no,Pro,2026-08-16,adjudicated,3,archived,https://www.findanomaly.ai/pricing,archived,10,12,25.0,per_month_billed_monthly,25.0,no,not_applicable,monthly_preselected,yes,none_quantified,unknown,unknown,perpetual,no,not_applicable,not_applicable,not_applicable,yes,yes,partial,pricing_page,other,partial,"Entry tier Pro, Monthly billing per default display state, $25/month, 1,000 credits/month included (findanomaly.ai/pricing). Secondary-unit rate is exact: 0.5 credits per query/chart-or-KPI-build/dashboard-card-regen step (""How credits work""). 1,000/0.5=2,000 actions/month; 25/2,000=$0.0125/action -- computable, but a component step, not the principal output. Principal output (dashboard/insight) has NO published exact rate: only the hedged aggregate ""~600 insights with charts or ~200 dashboards per month"" for the same 1,000 credits -- an approximation the vendor states, not a rate a reader can invert without assuming a steps-per-dashboard count the documents never publish. Per codebook domain 6 rule 5's own worked example (""Vendor N... secondary output only""), this is partial for the secondary-output reason, and cost_per_output_value_usd (derived) = not_computable, not a figure read off the approximate aggregate.",unknown,unknown,unknown,absent,unknown,unknown,unknown,unknown,self_serve_documented,absent,unknown,unknown,unknown,all_caps_quantified,absent
apify-robots-checker,primary,Apify Robots.txt AI Checker,AI bot checker,active,no,"Pay Per Event -- Robots.txt ai policy row ($11.00 per 1,000 delivered results)",2026-08-06,primary,1,archived,https://apify.com/taroyamada/robotstxt-ai-checker,archived,8,0,11.00,usage_based,unknown,no,not_applicable,no_toggle,yes,all_quantified,5 usd platform credit per month,not_applicable,perpetual,no,not_applicable,not_applicable,not_applicable,no,not_applicable,not_applicable,not_applicable,other,yes,"Entry tier: Pay Per Event (only option), usage_based, no monthly/annual toggle, no periodic allowance to convert. Pricing tab: $11.00/1,000 delivered rows = $0.011/row (vendor's own stated per-unit figure; arithmetic self-consistent, no conversion needed).",not_applicable,charged,on,multiple,no_notice_stated,no_refunds_stated,0,not_applicable,self_serve_documented,terms,unknown,not_applicable,user_owns,all_caps_quantified,absent
aragon-ai,adjudicated,Aragon AI,AI headshot,active,no,Basic,2026-08-16,adjudicated,3,archived,https://www.aragon.ai/pricing,archived,6,17,18.0,one_time,18.0,no,not_applicable,not_applicable,yes,some_quantified,16 credits per active day,unknown,perpetual,no,not_applicable,not_applicable,not_applicable,yes,yes,partial,pricing_page,per_headshot,yes,"Entry tier Basic (Headshots tab, Individual Pricing sub-tab; pricing page default display state per sampling-rules 7.2), billing basis one_time, $18.00 for 40 headshots included; already on one period, no conversion needed. 18.00 / 40 = 0.45 per headshot.",expires_at_period_end,unknown,on,multiple,no_notice_stated,conflicting,conflicting,conflicting,conflicting,conflicting,free,unknown,user_owns,all_caps_quantified,present
autoshorts-ai,adjudicated,AutoShorts.ai,Faceless video,active,no,Starter,2026-08-16,adjudicated,3,archived,https://autoshorts.ai/#pricing,archived,4,7,19.0,per_month_billed_monthly,19.0,no,not_applicable,monthly_preselected,yes,all_quantified,1 video | 1 series | 0 motion credits,yes,perpetual,no,not_applicable,not_applicable,not_applicable,yes,yes,partial,pricing_page,other,yes,"Starter $19.00/mo, default Monthly display state, entry paid tier. FAQ ties video output directly to posting frequency (""the number of videos created by each series can be seen on our pricing page""); Starter's published rate is 3 posts/week (JSON frequency:3). Videos/mo = 3 x (30/7 days-per-week, per the codebook's own day-conversion convention) = 12.857. $19.00 / 12.857 = $1.48 per video. Not used as the basis: Motion Credits (27/mo; tooltip: a fully-animated video ""typically"" costs 15-20 credits ""if motion is applied to all scenes"") -- credits meter motion applied to an image, not a video, are optional (Free tier: 1 video, 0 credits), and computing from them requires assuming full-motion use on every scene of every video, which rule 7 excludes. That alternate path, if taken anyway, gives a range of $19.00/1.35=$14.07 to $19.00/1.80=$10.56 per fully-animated video (27/20=1.35 to 27/15=1.8 videos/mo) -- recorded here for transparency, not the coded basis.",expires_at_period_end,unknown,unknown,absent,unknown,no_refunds_stated,0,not_applicable,self_serve_documented,help_center,free,lowest_paid,user_owns,some_quantified,absent
beautiful-ai,adjudicated,Beautiful.ai,AI presentation,active,no,Pro,2026-08-16,adjudicated,3,archived,https://www.beautiful.ai/pricing,archived,3,30,12.0,per_month_billed_annually,144.0,no,adjacent,annual_preselected,yes,all_quantified,100 slides,yes,perpetual,yes,yes,14,yes,no,not_applicable,not_applicable,not_applicable,per_seat_month,yes,"Entry tier Pro, $12.00/mo billed annually per the pricing page's default display state (annual, the only state Pro's card shows -- no monthly toggle exists on the Pro card itself). Unit = per_seat_month (unmetered software, domain 6 rule 2), so the included allowance IS the seat-month itself; no separate credit/output allowance to convert. Cost per seat-month = the published price directly = 12.00. First charge: ToS 2.1/6.1 state the Subscription Term renews for successive periods equal to the initial term, and annual billing is charged once for the full term (ToS 4.1/4.2); 12 x 12 = 144.00. The vendor runs a live A/B test on this element (data-pricing-exp-false=""$12"" / data-pricing-exp-true=""$14.50""); see headline_price_usd evidence for why the archive evidence supports $12.00 as the published figure rather than the $14.50 branch pass 2's browser session was independently, genuinely served.",not_applicable,not_applicable,on,terms_only,unknown,no_refunds_stated,0,not_applicable,contact_required,terms,unknown,lowest_paid,conditional,all_caps_quantified,absent
brandcited,primary,BrandCited,AI bot checker,active,no,Starter,2026-08-07,primary,1,archived,https://www.brandcited.ai/pricing,archived,4,4,29.0,per_month_billed_monthly,29.0,no,not_applicable,monthly_preselected,yes,all_quantified,1 brand | 0 competitors | 1 scan per day,not_applicable,perpetual,no,not_applicable,not_applicable,not_applicable,no,not_applicable,not_applicable,not_applicable,other,yes,"Starter (entry tier): $29/mo, Monthly default display state (toggle preselected, confirmed aria-checked). Allowance: 1 brand tracked (same pricing-page source). Same period, no conversion needed. 29.00 / 1 = 29.00 USD per brand-month (unit=other: brand tracked per month).",not_applicable,unknown,on,multiple,unknown,conflicting,conflicting,conflicting,self_serve_documented,conflicting,highest_tier,not_applicable,vendor_license_retained,all_caps_quantified,absent
canva,primary,Canva,AI design,active,no,Pro,2026-08-09,primary,1,archived,https://www.canva.com/pricing/,archived,7,30,unknown,unknown,unknown,no,adjacent,annual_preselected,yes,some_quantified,5GB cloud storage | 1 Brand Kit (3 colors only) | up to 200 Standard AI uses per month | up to 20 Premium AI uses per month,unknown,perpetual,yes,unknown,unknown,yes,yes,no,no,absent,per_seat_month,yes,"Pro tier, 1.920 TRY billed annually per default display state (rendered capture, 2026-08-08) = 160.00 TRY/month. per_seat_month output = monthly price directly; no separate allowance to convert. TRY is the figure this study's network observed; headline_price_usd is unknown as of the 2026-08-10 re-examination (was non_usd, briefly) -- no USD figure exists in any document to substitute, and this variable's rule does not gate on headline_price_usd's specific value, so the TRY-denominated computation itself is unaffected. See headline_price_usd.",expires_at_period_end,unknown,on,multiple,advance_notice_stated,no_refunds_stated,0,conditional,self_serve_documented,terms,free,unknown,conditional,some_quantified,present
colossyan,adjudicated,Colossyan,AI avatar,active,no,Professional,2026-08-16,adjudicated,3,archived,https://www.colossyan.com/pricing/,archived,8,7,59.00,per_seat_per_month,708.00,no,adjacent,annual_preselected,yes,some_quantified,20 min/mo NEO | 0.5 min/mo NEO2 | 1 Cora storyboard/mo | 20 min duration limit | 40 scenes | 15 custom avatars | 3 cloned voices | 10 interactive videos/mo | 1 editor seat | 15 auto-translations/mo | 0 SCORM exports/mo | up to 1080p resolution,yes,perpetual,yes,no,14,no,no,not_applicable,not_applicable,not_applicable,per_video_minute,no,"Professional, default annual state: $59/mo x12=$708.00 (ToS 3.3 + pricing FAQ: paid upfront for the year; agreed both passes). cost_per_output_computable resolved to no: NEO (30min/mo) and NEO2 (10min/mo) are co-equal, non-fungible meters at one price with no published split -- 59/30=1.97 or 59/10=5.90 depending on an unstated usage choice rule 7 forbids; no cost_per_output_value_usd entered (not_computable).",not_applicable,unknown,on,multiple,unknown,yes,14,conditional,self_serve_documented,multiple,lowest_paid,lowest_paid,conditional,some_quantified,present
copyleaks,adjudicated,Copyleaks,AI detector,active,no,Personal,2026-08-17,adjudicated,3,local_copy_only,https://copyleaks.com/pricing,archived,1,9,13.99,per_month_billed_annually,167.88,no,adjacent,annual_preselected,no,not_applicable,not_applicable,not_applicable,not_applicable,no,not_applicable,not_applicable,not_applicable,yes,yes,yes,multiple,per_1k_words,yes,"Personal (entry tier), $13.99/mo, default annual-billed display (already monthly, no conversion). Pricing FAQ: plans include ""a monthly credit allowance""; 1,200 credits/mo = up to 300,000 words/mo (250 words/credit). 300000/1000=300; 13.99/300=0.0466/1k words.",expires_at_period_end,unknown,on,multiple,unknown,yes,10,conditional,self_serve_documented,multiple,not_granted,not_applicable,vendor_license_retained,all_caps_quantified,present
d-id,primary,D-ID,AI avatar,active,no,Lite,2026-08-07,primary,1,archived,https://www.d-id.com/pricing/studio/,archived,4,3,4.7,per_month_billed_annually,56.0,no,adjacent,annual_preselected,no,not_applicable,not_applicable,not_applicable,not_applicable,yes,unknown,14,unknown,yes,yes,yes,docs_help_center,per_video_minute,yes,"Lite tier, $4.70/mo billed annually (default state, 40-credit pkg default). Allowance 10 min/mo per pricing page = 40 credits x up to 15 sec/credit (FAQ); matches exactly. Same period both sides, no conversion needed. 4.70/10=0.47 per video minute.",expires_at_period_end,unknown,on,terms_only,no_notice_stated,no_refunds_stated,0,not_applicable,self_serve_documented,terms,mid_tier,never_removed,user_owns,some_quantified,present
decktopus,primary,Decktopus,AI presentation,active,no,Pro,2026-08-07,primary,1,archived,https://www.decktopus.com/pricing,archived,13,0,9.99,per_month_billed_annually,119.88,no,adjacent,annual_preselected,yes,none_quantified,none quantified -- documented restrictions are unquantified (no export; Decktopus watermark on output); see free_plan_cap_documented,yes,perpetual,no,not_applicable,not_applicable,not_applicable,yes,yes,yes,multiple,other,yes,"Pro tier, $9.99/mo billed annually (default display state). Included allowance 750 AI credits/mo (s1,s5). Rate 5 credits/slide (s12): 750/5=150 slides/mo. Price & allowance already monthly, no period conversion needed (rule 3). 9.99/150=0.0666 -> $0.07/slide.",expires_at_period_end,unknown,on,multiple,unknown,no_refunds_stated,0,not_applicable,self_serve_documented,multiple,unknown,lowest_paid,unknown,some_quantified,present
elevenlabs,adjudicated,ElevenLabs,AI voice,active,no,Starter,2026-08-16,adjudicated,3,archived,https://elevenlabs.io/pricing,archived,10,32,6.0,per_month_billed_monthly,6.0,no,not_applicable,monthly_preselected,yes,all_quantified,10000 credits per month | 3 voice slots | 55 voice operations per month | 3 Projects in Studio | 128 kbps maximum audio bitrate | 20000 credits per single generation request,yes,perpetual,no,not_applicable,not_applicable,not_applicable,yes,yes,partial,pricing_page,per_audio_minute,yes,"Starter $6.00/mo billed monthly, 30,000 credits/mo (default state). Compare-plans grid: ""~30"" min included, ""~$0.20"" extra minute (vendor-labeled approx). 6.00/30=0.20. Exact rate is 1 credit=1 character; char-to-minute is only ""approximately"" 1000/min, hence C2=partial.",partial_rollover,unknown,on,multiple,unknown,no_refunds_stated,0,not_applicable,self_serve_documented,terms,lowest_paid,lowest_paid,user_owns,all_caps_quantified,absent
faceless-so,adjudicated,Faceless.so,Faceless video,active,no,Starter,2026-08-17,adjudicated,3,archived,https://faceless.so/pricing,archived,14,80,24.0,per_month_billed_annually,290.0,no,adjacent,annual_preselected,no,not_applicable,not_applicable,not_applicable,not_applicable,no,not_applicable,not_applicable,not_applicable,yes,yes,yes,multiple,other,partial,"Starter, annual default: $24.00/mo card price ($290/yr stated directly), 500 credits/mo. Video costs 20-100 credits by model, no default model stated. 500/20=25vid, 24/25=0.96. 500/100=5vid, 24/5=4.80. Range $0.96-$4.80/video.",unknown,unknown,unknown,absent,unknown,yes,unknown,conditional,self_serve_documented,help_center,lowest_paid,no_watermark,user_owns,some_quantified,present
fotor,primary,Fotor,AI image generator,active,no,Fotor Pro,2026-08-07,primary,1,archived,https://www.fotor.com/pricing/,archived,2,30,3.33,per_month_billed_annually,39.99,no,adjacent,annual_preselected,yes,some_quantified,1 concurrent generation | 30 days creation storage duration | 512MB cloud storage,yes,perpetual,yes,unknown,7,yes,yes,yes,yes,docs_help_center,per_image,yes,"Pro tier: $39.99/yr billed yearly (default state) = $3.33/mo. Allowance 100 credits/mo (HC3; =1200/yr on pricing page ÷12). Rate: 1 credit=1 AI image (HC10). 100/1=100 images/mo. 3.33/100=0.03/image (39.99/1200=0.03 annual, same).",partial_rollover,not_charged,on,multiple,no_notice_stated,no_refunds_stated,0,not_applicable,self_serve_documented,multiple,free,lowest_paid,user_owns,some_quantified,absent
framer,primary,Framer,AI website builder,active,no,Basic,2026-08-07,primary,1,local_copy_only,https://www.framer.com/pricing,archived,12,3,10.0,per_month_billed_annually,120.0,no,adjacent,annual_preselected,yes,all_quantified,"500 credits per month | 1 GB bandwidth per month | 10 CMS collections | 1,000 pages | 5 MB file uploads | 1 locale | 3 editors",yes,perpetual,yes,unknown,unknown,unknown,yes,no,no,absent,per_seat_month,yes,"Basic(entry),$10/mo,Yearly-toggle-ON default,USD (D-007 re-check 2026-08-10: web.archive.org Arm-2 capture; was TRY231/mo/non-USD). C3: unit=per_seat_month (flat site plan; credits meter a secondary AI feature, not principal output) so price=per-unit cost, no division. 1st charge=10x12=120.00 USD (subs-and-charges: annual billed upfront for the year; was 231x12=2772 TRY).",expires_at_period_end,unknown,on,multiple,unknown,yes,7,conditional,self_serve_documented,dedicated_refund_page,unknown,lowest_paid,user_owns,all_caps_quantified,absent
freepik,primary,Freepik,AI image generator,active,no,Premium,2026-08-07,primary,1,archived,https://www.magnific.com/pricing,archived,6,3,14.5,per_month_billed_annually,174.0,no,adjacent,annual_preselected,yes,some_quantified,20 images per day | 10 downloads per day,unknown,perpetual,no,not_applicable,not_applicable,not_applicable,yes,yes,yes,pricing_page,per_image,partial,"Premium (entry tier), $14.50/mo billed annually (default state; D-007 re-check 2026-08-10 changed this from TRY450/mo/non-USD -- see headline_price_usd), 240,000 credits/yr=20,000/mo (currency-independent, unchanged). Per-image rates published per model, 44-400 credits/image (unchanged), no default model named => price per credit = 14.50/20,000=0.000725; cost/image ranges 44x0.000725=$0.03 to 400x0.000725=$0.29, not one figure (was TRY0.99-9.00).",expires_at_period_end,unknown,on,multiple,advance_notice_stated,yes,30,conditional,self_serve_documented,multiple,lowest_paid,unknown,conditional,some_quantified,present
gamma,primary,Gamma,AI presentation,active,no,Plus,2026-08-09,primary,1,local_copy_only,https://gamma.app/pricing,archived,5,9,9.0,per_seat_per_month,108.0,no,adjacent,annual_preselected,yes,all_quantified,400 credits at signup | 10 slides per prompt | 50k input tokens for initial generation,yes,perpetual,no,not_applicable,not_applicable,not_applicable,yes,yes,partial,docs_help_center,per_presentation,partial,"Plus: $9/seat/mo=$108/yr (annual default). 1,000 credits/mo (pricing page). Principal output (presentation) not computable -- cards/prompt unpublished (max 75, no typical). Secondary: per-card cost = $9/1000 x 1-3 credits/card = $0.009-$0.027/card (developers docs, range, no selection rule).",partial_rollover,unknown,on,multiple,unknown,no_refunds_stated,0,not_applicable,self_serve_documented,terms,unknown,lowest_paid,user_owns,all_caps_quantified,absent
godaddy,primary,GoDaddy Airo,AI website builder,active,no,Starter,2026-08-07,primary,1,archived,https://www.godaddy.com/airo/ai-builder,archived,7,20,9.99,per_month_billed_annually,119.88,no,adjacent,annual_preselected,yes,all_quantified,50 AI credits per month,unknown,perpetual,no,not_applicable,not_applicable,not_applicable,yes,no,no,absent,other,no,"Entry tier Starter $9.99/mo, annual default ('Billed annually' tag); refund policy treats annual plans as one transaction; first_charge=9.99x12=119.88. No credits-to-output rate published, so cost_per_output was not computed.",expires_at_period_end,unknown,on,terms_only,unknown,yes,30,conditional,self_serve_documented,dedicated_refund_page,unknown,unknown,user_owns,all_caps_quantified,present
google-veo,adjudicated,Google Veo,AI video generator,active,no,unknown,2026-08-15,adjudicated,3,archived,https://deepmind.google/models/veo/,archived,12,1,unknown,unknown,unknown,no,not_applicable,unknown,yes,all_quantified,50 Google Flow credits per day,yes,perpetual,unknown,unknown,unknown,unknown,unknown,unknown,unknown,unknown,unknown,unknown,not_applicable,unknown,unknown,unknown,unknown,unknown,no_refunds_stated,0,not_applicable,self_serve_documented,multiple,unknown,never_removed,user_owns,unknown,unknown
gptzero,adjudicated,GPTZero,AI detector,active,no,Premium,2026-08-17,adjudicated,3,local_copy_only,https://gptzero.me/pricing,archived,5,11,unknown,per_month_billed_annually,unknown,no,adjacent,annual_preselected,yes,none_quantified,not_applicable,not_applicable,perpetual,yes,unknown,7,yes,no,not_applicable,not_applicable,not_applicable,per_1k_words,yes,"Premium (entry tier): TRY 549/mo billed annually, default display state; 300,000 words/mo included, same card, same period (no conversion needed). 549/300,000=0.00183 TRY/word = TRY 1.83 per 1,000 words. TRY-denominated; headline_price_usd=unknown, no USD figure published anywhere; no exchange rate invented (protocol 6.5).",not_applicable,unknown,on,terms_only,unknown,no_refunds_stated,0,not_applicable,self_serve_documented,terms,not_granted,not_applicable,unknown,some_quantified,present
hailuo-ai,primary,Hailuo AI,AI video generator,active,no,Standard Plan,2026-08-07,primary,1,archived,https://hailuoai.video/subscribe,archived,3,15,14.99,per_month_billed_monthly,14.99,no,not_applicable,unknown,yes,all_quantified,3 queued tasks | 1 parallel video,yes,perpetual,no,not_applicable,not_applicable,not_applicable,yes,yes,partial,pricing_page,per_video_minute,no,not_applicable,expires_at_period_end,not_charged,unknown,absent,no_notice_stated,no_refunds_stated,0,not_applicable,unknown,terms,lowest_paid,lowest_paid,user_owns,all_caps_quantified,absent
heygen,primary,HeyGen,AI avatar,active,no,Creator,2026-08-07,primary,1,archived,https://www.heygen.com/pricing,archived,8,13,29.00,per_month_billed_monthly,29.00,no,not_applicable,monthly_preselected,yes,some_quantified,3 videos per month | 1 minute per video | 1 custom digital twin,yes,perpetual,no,not_applicable,not_applicable,not_applicable,yes,yes,partial,multiple,per_video_minute,partial,"Creator tier, $29/mo billed monthly (default state), 600 credits/mo; price and allowance already same period, no conversion needed. Credit rate varies by mode (1-40 credits/min per docs), no default designated, so cost/min is a range not one figure; full range in coder_note.",partial_rollover,unknown,on,terms_only,no_notice_stated,no_refunds_stated,0,not_applicable,self_serve_documented,multiple,lowest_paid,lowest_paid,conditional,all_caps_quantified,present
hostinger,primary,Hostinger Horizons,AI website builder,active,no,Explorer,2026-08-07,primary,1,archived,https://www.hostinger.com/horizons,local_copy_only,0,8,6.99,per_month_billed_annually,83.88,no,adjacent,no_toggle,no,not_applicable,not_applicable,not_applicable,not_applicable,yes,no,unknown,unknown,yes,no,no,absent,other,no,not_applicable,partial_rollover,unknown,on,multiple,no_notice_stated,yes,30,conditional,self_serve_documented,multiple,free,unknown,user_owns,all_caps_quantified,present
humanizemy-ai-detector,primary,HumanizeMyAI Detector,AI detector,active,no,Basic,2026-08-09,primary,1,local_copy_only,https://humanizemy.ai/pricing,archived,3,23,12.0,per_month_billed_annually,144.0,no,adjacent,annual_preselected,yes,all_quantified,"4 scans per day, up to 250 words per scan (no account) | 20 scans per day, no per-scan word cap (signed up)",not_applicable,perpetual,no,not_applicable,not_applicable,not_applicable,no,not_applicable,not_applicable,not_applicable,other,no,not_applicable,not_applicable,unknown,on,multiple,no_notice_stated,yes,unknown,conditional,self_serve_documented,multiple,unknown,not_applicable,user_owns,some_quantified,absent
humanizemy,adjudicated,HumanizeMyAI,AI humanizer,active,no,Basic,2026-08-16,adjudicated,3,archived,https://humanizemy.ai/pricing,archived,4,8,12.0,per_month_billed_annually,144.0,no,adjacent,annual_preselected,yes,all_quantified,4 humanizations per day | up to 125 words per run | 50 humanizations per day per IP,unknown,perpetual,no,not_applicable,not_applicable,not_applicable,no,not_applicable,not_applicable,not_applicable,other,yes,"Basic (entry) tier, default Yearly toggle: $12/mo, $144/yr billed; 80 requests(=humanizations)/month included, already same period as price; 1 request=1 output, no separate per-word metering within the per-request word cap. 12/80=0.15 USD per humanization.",not_applicable,unknown,on,multiple,no_notice_stated,yes,unknown,conditional,self_serve_documented,multiple,unknown,unknown,user_owns,all_caps_quantified,absent
humbot,primary,Humbot,AI humanizer,active,no,Basic,2026-08-09,primary,1,local_copy_only,https://humbot.ai/pricing,local_copy_only,0,4,7.99,per_month_billed_annually,95.88,no,adjacent,annual_preselected,yes,unknown,unknown,unknown,unknown,no,not_applicable,not_applicable,not_applicable,yes,yes,partial,pricing_page,per_1k_words,yes,"Basic (entry tier), Yearly default: $95.88/yr÷12=$7.99/mo; includes 3,000 Basic Words/mo (usage_list period=month on both monthly and annual SKUs). Credit guide: AI Text Humanizer=1 Basic Word per output word, so 3,000/1=3,000 output words/mo. 7.99/3000=$0.00266/word=$2.66 per 1,000 words. first_charge_amount_usd (95.88) required no computation either: the vendor's own embedded productsList JSON carries the Basic annual SKU (price_id price_1OceZgDTBvGUnRQvGweFDLE9) as price:9588 (cents) / duration:12 (months) -- a fixed field in the vendor's own pricing/billing data, read directly, not derived by multiplying the $7.99/mo figure by 12 (that figure was itself obtained by dividing 95.88/12, the reverse direction). Re-verified 2026-08-12 against humbot-sources/productslist-2026-08-09.json. See coder_note's D-009 provenance check entry.",unknown,unknown,on,terms_only,no_notice_stated,yes,7,conditional,self_serve_documented,multiple,not_granted,unknown,unknown,all_caps_quantified,absent
hyperleap,primary,Hyperleap AI,AI bot checker,active,no,Plus,2026-08-09,primary,1,archived,https://hyperleap.ai/pricing,archived,5,18,40.00,per_month_billed_monthly,40.00,no,not_applicable,monthly_preselected,no,not_applicable,not_applicable,not_applicable,not_applicable,yes,yes,7,yes,no,not_applicable,not_applicable,not_applicable,other,yes,"Plus (entry) tier, $40.00/mo per default Monthly display state; 3,000 AI responses/mo included (pricing page + pricing.md); price and allowance already same period, no conversion; 40/3000=0.0133 USD/response.",not_applicable,unknown,on,purchase_terms_doc,unknown,yes,30,conditional,self_serve_documented,dedicated_refund_page,unknown,mid_tier,user_owns,all_caps_quantified,present
ideogram,primary,Ideogram AI,AI image generator,active,no,Plus,2026-08-09,primary,1,local_copy_only,https://ideogram.ai/pricing,archived,7,1,15.00,per_month_billed_annually,180.00,no,adjacent,annual_preselected,yes,all_quantified,10 credits per week,unknown,perpetual,no,not_applicable,not_applicable,not_applicable,yes,yes,yes,pricing_page,per_image,partial,"Plus $15/mo billed annually (default state); first charge 15x12=$180.00 (renewals doc: annual plans charge once/yr). Cost/image: 1,000 credits/mo; per-image rate spans 0.125-6 credits across published model/rendering table => range not one figure (partial); range in coder_note.",expires_at_period_end,unknown,on,multiple,unknown,no_refunds_stated,0,not_applicable,self_serve_documented,multiple,free,unknown,user_owns,some_quantified,absent
invideo-ai,primary,InVideo AI,Faceless video,active,no,Plus,2026-08-09,primary,1,archived,https://invideo.io/pricing/,archived,7,20,17.0,per_month_billed_annually,200.0,no,adjacent,annual_preselected,yes,none_quantified,unknown,unknown,perpetual,no,not_applicable,not_applicable,not_applicable,yes,yes,partial,multiple,per_video_minute,no,not_applicable,expires_at_period_end,unknown,on,terms_only,advance_notice_stated,yes,7,conditional,self_serve_documented,terms,free,lowest_paid,user_owns,some_quantified,absent
ismybrandinai,adjudicated,Is My Brand In AI,AI bot checker,active,no,not_applicable,2026-08-17,adjudicated,3,archived,https://ismybrandinai.com/,archived,7,7,not_applicable,not_applicable,not_applicable,not_applicable,not_applicable,not_applicable,yes,unknown,unknown,not_applicable,perpetual,no,not_applicable,not_applicable,not_applicable,no,not_applicable,not_applicable,not_applicable,other,yes,"No paid tier exists anywhere on the site (ToS, About, Tools listing, and the AI Bot Checker page all state the tools are free; no pricing page exists per sitemap.xml). Cost per principal output (one robots.txt check) = $0.00; the vendor's free statement is the only figure needed.",not_applicable,not_applicable,no_recurring_billing,not_applicable,not_applicable,not_applicable,not_applicable,not_applicable,not_applicable,not_applicable,unknown,not_applicable,unknown,not_applicable,absent
jobscan,adjudicated,Jobscan,AI resume builder,active,no,Quarterly,2026-08-16,adjudicated,3,local_copy_only,https://app.jobscan.co/plan,archived,1,20,29.98,unknown,89.95,no,not_applicable,unknown,yes,all_quantified,5 resume scans per month | 5 ATS & Recruiter Findings,unknown,perpetual,yes,yes,7,yes,yes,yes,partial,pricing_page,per_seat_month,yes,"Quarterly (entry tier), $29.98/mo per default display state (billed $89.95 every 3 months). Principal output = per_seat_month, unmetered (Unlimited scans/optimizations). No allowance to convert; cost per seat-month = the headline monthly price itself = $29.98.",unknown,unknown,on,multiple,unknown,yes,2,conditional,self_serve_documented,dedicated_refund_page,unknown,unknown,unknown,none_quantified,present
julius-ai,primary,Julius AI,AI data analysis,active,no,Plus,2026-08-09,primary,1,local_copy_only,https://julius.ai/pricing,archived,2,7,16.00,per_month_billed_annually,192.00,no,adjacent,annual_preselected,yes,all_quantified,conflicting,unknown,perpetual,no,not_applicable,not_applicable,not_applicable,yes,no,no,absent,other,no,Plus (entry tier): pricing page default Yearly state shows $16/mo; credits-overview docs state annual plans 'billed once per year... all credits granted upfront'; 16 x 12 = 192.00 = first_charge_amount_usd. cost_per_output not computed: credit-to-task rate unpublished.,expires_at_period_end,unknown,on,help_center_only,unknown,yes,unknown,conditional,self_serve_documented,dedicated_refund_page,unknown,unknown,user_owns,some_quantified,present
kling-ai,primary,Kling AI,AI video generator,active,no,Standard,2026-08-09,primary,1,archived,https://app.klingai.com/global/membership/membership-plan,archived,4,5,6.99,per_month_billed_monthly,6.99,no,not_applicable,monthly_preselected,yes,some_quantified,30 element creations,yes,perpetual,yes,unknown,7,unknown,yes,yes,yes,pricing_page,other,yes,"Standard tier, $6.99/mo (default Monthly display state, first-subscription price); 660 credits/mo = 33 720p videos/mo per pricing page; both monthly already, no conversion; 6.99/33=0.2118 -> $0.21/video (720p, duration unstated).",expires_at_period_end,not_charged,on,multiple,advance_notice_stated,no_refunds_stated,0,not_applicable,self_serve_documented,terms,lowest_paid,lowest_paid,user_owns,some_quantified,present
krea-ai,adjudicated,Krea AI,AI image generator,active,no,Basic,2026-08-16,adjudicated,3,archived,https://www.krea.ai/pricing,archived,7,15,5.0,per_month_billed_annually,63.0,no,adjacent,annual_preselected,yes,some_quantified,100 units per day | 1 image concurrency | 0 video concurrency | 50 images per LoRA | up to 2K upscale resolution | up to 20 members,unknown,perpetual,no,not_applicable,not_applicable,not_applicable,yes,yes,yes,pricing_page,per_image,yes,"Basic, Yearly (default): page JSON yearly=$63=$5.25/mo (headline shows $5/mo, see headline_price_usd). Page: 5,000 units/mo=64 Nano Banana 2 gens/mo (image=principal output). 5.25/64=0.082 USD/generation. Docs ~50cr/gen conflicts (~56% gap); see conflict_note.",expires_at_period_end,not_charged,on,multiple,no_notice_stated,no_refunds_stated,0,not_applicable,self_serve_documented,terms,lowest_paid,unknown,conditional,all_caps_quantified,present
leonardo-ai,primary,Leonardo AI,AI image generator,active,no,Essential,2026-08-09,primary,1,local_copy_only,https://leonardo.ai/pricing,archived,4,8,12.00,per_month_billed_monthly,12.00,no,not_applicable,monthly_preselected,yes,some_quantified,150 Fast Tokens per day | 150 Token Bank | 1 Personal collection,unknown,perpetual,no,not_applicable,not_applicable,not_applicable,yes,yes,yes,docs_help_center,per_image,yes,"Essential tier, $12.00/mo per default (Pay Monthly) display state; 8,500 Fast Tokens/mo included; 1 Token=1 Default Image 768x768 per Token Usage help article; price & allowance both already monthly, no period conversion; 8500 images/mo; 12/8500=0.0014 USD/image.",partial_rollover,unknown,on,multiple,no_notice_stated,yes,unknown,conditional,self_serve_documented,multiple,free,unknown,conditional,some_quantified,present
lovo-ai,primary,LOVO AI,AI voice,discontinued,no,Basic,2026-08-09,primary,1,archived,https://lovo.ai/pricing,archived,6,12,24.0,per_seat_per_month,288.0,no,adjacent,annual_preselected,yes,all_quantified,5 mins voice generation per month | 5 voice clones | 1 GB storage | 5 projects | 500 chars per generation | 5 mins auto-subtitles per month,yes,perpetual,yes,no,14,no,no,not_applicable,not_applicable,not_applicable,per_audio_minute,yes,"Basic tier (entry paid tier), default display=annual, $24/mo ($288/yr) per pricing page; includes 2 Hrs (120 min) Voice Generation/mo per featurePolicy; both already monthly basis. 24/120=0.20 USD per audio minute.",not_applicable,unknown,on,multiple,unknown,yes,1,unconditional,self_serve_documented,terms,lowest_paid,lowest_paid,user_owns,all_caps_quantified,absent
midjourney,primary,Midjourney,AI image generator,active,no,Basic Plan,2026-08-09,primary,1,local_copy_only,https://docs.midjourney.com/hc/en-us/articles/27870484040333-Comparing-Midjourney-Plans,local_copy_only,0,6,10.00,per_month_billed_monthly,10.00,no,adjacent,no_toggle,no,not_applicable,not_applicable,not_applicable,not_applicable,no,not_applicable,not_applicable,not_applicable,yes,yes,yes,docs_help_center,per_image,yes,"Basic Plan, $10/mo headline (monthly-billed, default state), 200 min Fast GPU/mo (plans page); SD image=0.8min/4 images (GPU-Speed docs); $10/200min=$0.05/min; 0.8x$0.05=$0.04 per 4-img batch; /4=$0.01/image (SD rate used; HD costs more per image, not used).",expires_at_period_end,unknown,on,help_center_only,no_notice_stated,yes,unknown,conditional,self_serve_documented,dedicated_refund_page,lowest_paid,unknown,conditional,all_caps_quantified,present
mubert,primary,Mubert,AI music generator,active,no,Creator,2026-08-09,primary,1,archived,https://mubert.com/render/pricing,archived,4,15,11.69,per_month_billed_annually,unknown,no,adjacent,annual_preselected,yes,some_quantified,25 generations per month | 5 MP3 downloads per month,unknown,perpetual,no,not_applicable,not_applicable,not_applicable,no,not_applicable,not_applicable,not_applicable,other,yes,"Creator tier, $11.69/mo billed annually per default display state; 500 track generations/mo included; both already monthly, no period conversion needed. 11.69/500=0.02338 -> ~$0.02 per track generation.",not_applicable,unknown,unknown,absent,unknown,no_refunds_stated,0,not_applicable,self_serve_documented,multiple,mid_tier,lowest_paid,vendor_license_retained,all_caps_quantified,absent
murf-ai,primary,Murf AI,AI voice,active,no,Creator,2026-08-09,primary,1,archived,https://murf.ai/pricing,archived,12,13,19.0,per_month_billed_annually,228.0,no,adjacent,annual_preselected,yes,all_quantified,10 Projects | 10 minutes of Voice Generation | 1 Editor,unknown,perpetual,no,not_applicable,not_applicable,not_applicable,no,not_applicable,not_applicable,not_applicable,per_audio_minute,yes,"Creator tier, default annual display state: $19/mo = $228/yr (murf.ai/pricing). Allowance: 24 hrs/yr VGT = 1,440 min/yr (pricing-page FAQ: yearly plans carry no separate monthly cap). Both already same-period (annual): 228/1440 = $0.1583/min. Cross-check on monthly basis: 19 / (1440/12=120 min) = $0.1583/min. Reported as ~$0.16 per audio minute.",not_applicable,unknown,on,multiple,no_notice_stated,yes,1,conditional,self_serve_documented,terms,free,unknown,unknown,all_caps_quantified,absent
myperfectresume,primary,MyPerfectResume,AI resume builder,active,no,1-Year Premium Access,2026-08-10,primary,1,archived,https://www.myperfectresume.com/pricing,archived,2,4,7.95,per_month_billed_annually,95.4,no,adjacent,no_toggle,yes,some_quantified,unlimited txt-format downloads,unknown,perpetual,yes,unknown,14,yes,no,not_applicable,not_applicable,not_applicable,per_seat_month,yes,"Entry tier 1-Year Premium Access, $7.95/month per default display state (billed $95.40/yr up-front per pricing page); unit=per_seat_month (unmetered flat-rate access, no per-document metering); cost per seat-month = plan price = 7.95; already monthly, no period conversion needed.",not_applicable,not_applicable,on,multiple,no_notice_stated,yes,14,conditional,self_serve_documented,multiple,unknown,unknown,user_owns,all_caps_quantified,absent
nicepage,adjudicated,Nicepage,AI website builder,active,yes,Personal,2026-08-16,adjudicated,3,archived,https://nicepage.com/premium,archived,9,10,6.75,per_month_billed_annually,81.0,no,adjacent,no_toggle,yes,some_quantified,"2 desktop projects | 2 online projects | 50 block layouts | 10 grid styles | 250 Mb storage per site | 1,000 monthly visits per site | 50 form submissions (lifetime) | 20 calendar appointments (lifetime)",yes,perpetual,yes,unknown,7,no,no,not_applicable,not_applicable,not_applicable,per_seat_month,yes,"Personal tier (entry, Subscription toggle, annual default display state), $6.75/mo billed annually = one annual charge; 6.75x12=81.00. Unit per_seat_month, unmetered single-seat access; price and allowance already share one period, 6.75/1=6.75 per seat-month, no conversion needed.",not_applicable,not_applicable,on,multiple,unknown,conflicting,conflicting,conflicting,self_serve_documented,terms,free,lowest_paid,unknown,some_quantified,absent
openai-sora,adjudicated,OpenAI Sora,AI video generator,discontinued,no,unknown,2026-08-17,adjudicated,3,local_copy_only,https://sora.com,archived,4,18,unknown,unknown,unknown,no,unknown,unknown,unknown,unknown,unknown,yes,unknown,unknown,unknown,unknown,unknown,yes,yes,partial,docs_help_center,per_video_minute,no,not_applicable,partial_rollover,unknown,on,terms_only,advance_notice_stated,no_refunds_stated,0,not_applicable,self_serve_documented,terms,unknown,highest_tier,user_owns,some_quantified,present
originality-ai,primary,Originality.ai,AI detector,active,no,Pro,2026-08-10,primary,1,local_copy_only,https://originality.ai/pricing,local_copy_only,0,7,12.95,per_month_billed_annually,155.40,no,adjacent,annual_preselected,yes,all_quantified,2000 words per scan | 3 scans per day,unknown,perpetual,no,not_applicable,not_applicable,not_applicable,yes,yes,yes,multiple,per_1k_words,yes,"Pro, $12.95/mo (billed annually, default state); 2,000 credits/mo; 1 credit=100 words (AI-only, pricing FAQ); both already monthly, no conversion. 2000x100=200,000 words/mo=200 per-1k-word units. 12.95/200=$0.0648/1k words.",expires_at_period_end,unknown,on,multiple,unknown,yes,unknown,conditional,self_serve_documented,multiple,unknown,not_applicable,user_owns,all_caps_quantified,absent
phrasly,primary,Phrasly,AI humanizer,active,no,Unlimited,2026-08-10,primary,1,local_copy_only,https://phrasly.ai/pricing,local_copy_only,0,5,10.99,per_month_billed_annually,131.88,no,adjacent,annual_preselected,yes,some_quantified,unlimited AI detector (no cap stated),no,perpetual,yes,unknown,3,yes,yes,yes,partial,pricing_page,per_seat_month,yes,"Unlimited tier, annual toggle default, TRY524.43/mo billed annually (D-007 re-check 2026-08-10: headline_price_usd=unknown, was non_usd; no USD figure published either way). per_seat_month=unmetered, cost/output=price itself=524.43 TRY. first_charge=524.43x12=6293.16 TRY/yr (TRY-denominated only, first_charge_amount_usd itself is unknown); basis=pricing page 'billed annually' + ToS S5 'yearly subscription will automatically renew'.",unknown,unknown,on,terms_only,no_notice_stated,yes,14,conditional,self_serve_documented,terms,unknown,no_watermark,unknown,some_quantified,present
picsart,primary,Picsart,AI design,active,no,Pro,2026-08-10,primary,1,archived,https://picsart.com/pricing/,archived,4,11,unknown,per_month_billed_annually,unknown,no,adjacent,annual_preselected,yes,unknown,unknown,unknown,perpetual,yes,unknown,unknown,yes,yes,yes,partial,multiple,per_seat_month,yes,not_applicable,expires_at_period_end,not_charged,on,terms_only,unknown,no_refunds_stated,0,not_applicable,self_serve_documented,multiple,free,unknown,user_owns,all_caps_quantified,absent
pika,adjudicated,Pika,AI video generator,active,no,Standard,2026-08-16,adjudicated,3,archived,https://pika.art/pricing,archived,4,13,8.0,per_month_billed_annually,96.0,no,adjacent,annual_preselected,yes,all_quantified,80 video credits per month | 480p max resolution,yes,perpetual,no,not_applicable,not_applicable,not_applicable,yes,yes,yes,pricing_page,per_video_minute,partial,"Standard (entry tier), $8/mo billed yearly per default display state, 700 credits/mo included, same period so no conversion needed. Model 2.5 rate is resolution-dependent (480p/720p/1080p), each exact, none vendor-designated as principal. Range in coder_note.",expires_at_period_end,unknown,on,multiple,advance_notice_stated,no_refunds_stated,0,not_applicable,self_serve_documented,multiple,mid_tier,mid_tier,user_owns,all_caps_quantified,present
pixlr,primary,Pixlr,AI image generator,active,no,Plus,2026-08-10,primary,1,archived,https://pixlr.com/pricing/,archived,6,3,2.49,per_month_billed_monthly,2.49,no,not_applicable,monthly_preselected,yes,none_quantified,unknown,unknown,perpetual,yes,unknown,7,yes,yes,yes,partial,pricing_page,per_image,partial,"Plus (entry tier): $2.49/mo, monthly default state, 80 AI credits/mo incl (same period as price, no conversion needed). Page's own estimate: ~80 fast images per 80 credits => ~1 credit/fast image (vendor's approx, not exact). 2.49/80=$0.031/fast image. Pro/ultra/video rates not exact figures.",expires_at_period_end,unknown,on,terms_only,unknown,no_refunds_stated,0,not_applicable,self_serve_documented,multiple,free,unknown,unknown,some_quantified,present
playht,primary,PlayHT,AI voice,discontinued,no,Creator,2026-08-13,primary,1,archived,https://play.ht/pricing/,archived,4,0,31.2,per_month_billed_annually,374.4,no,adjacent,annual_preselected,yes,all_quantified,1000 characters,yes,perpetual,unknown,unknown,unknown,unknown,no,not_applicable,not_applicable,not_applicable,other,yes,"Creator tier (entry), default annual state: $374.40/yr ($31.20/mo billed annually) per pricing page; 3,000,000 characters/yr included (=250,000/mo). 374.40/3,000,000=$0.0001248/char = $0.1248 per 1,000 chars. Price+allowance already same period; no conversion needed.",not_applicable,unknown,on,terms_only,no_notice_stated,yes,1,conditional,self_serve_documented,multiple,free,lowest_paid,user_owns,all_caps_quantified,present
plus-ai,primary,Plus AI,AI presentation,active,no,Basic,2026-08-10,primary,1,local_copy_only,https://plusai.com/pricing,local_copy_only,0,9,10.00,per_seat_per_month,unknown,no,adjacent,annual_preselected,no,not_applicable,not_applicable,not_applicable,not_applicable,yes,yes,7,yes,yes,yes,partial,docs_help_center,per_presentation,partial,"Entry tier Basic, $10/user/mo billed annually per default display state (already a monthly figure; no period conversion needed under rule 3). Included allowance: 1,500 AI credits/mo (also monthly, same period). Docs state a typical task costs 40-170 credits with no rule for which figure applies -> range, not a single figure -> cost_per_output_computable = partial per rule 8; cost_per_output_value_usd is not_computable. The implied per-task range is recorded in coder_note.",expires_at_period_end,unknown,on,multiple,unknown,no_refunds_stated,0,not_applicable,self_serve_documented,multiple,unknown,unknown,user_owns,all_caps_quantified,present
quillbot,primary,QuillBot,AI humanizer,active,no,Premium,2026-08-10,primary,1,archived,https://quillbot.com/premium,archived,4,9,4.17,per_month_billed_annually,49.95,no,adjacent,no_toggle,yes,some_quantified,"125 words/paraphrase (2 modes) | humanize 125 words & 6 uses/day (pricing pg; help ctr says 3 uses, see conflict_note) | summarize 1200 words | AI Detector 1200 words & 10 scans/day | translate 5000 chars | AI Chat 20 queries/day | image gen 3/day | presentation gen 3/day | Flow storage 10MB",unknown,perpetual,no,not_applicable,not_applicable,not_applicable,no,not_applicable,not_applicable,not_applicable,per_seat_month,yes,"Premium=entry tier, default display Annual: $4.17/mo billed annually = $49.95/yr (SSR JSON on pricing page). Principal output=per_seat_month (unmetered core writing suite per pricing-page framing). Cost/seat-month = $4.17, the published price itself; no allowance conversion needed.",not_applicable,unknown,on,terms_only,no_notice_stated,yes,14,unconditional,self_serve_documented,multiple,highest_tier,unknown,user_owns,some_quantified,present
recraft,adjudicated,Recraft AI,AI image generator,active,no,Basic,2026-08-16,adjudicated,3,archived,https://www.recraft.ai/pricing,archived,15,4,10.0,per_month_billed_annually,120.0,no,adjacent,annual_preselected,yes,some_quantified,3 generations per style per day | 3 image uploads per day | 2 images per generation,unknown,perpetual,no,not_applicable,not_applicable,not_applicable,yes,yes,partial,multiple,per_image,partial,"Basic (entry), annual display: $10/mo = $120/yr, 1,000 credits/mo, same period (no conversion needed). Pricing-page tooltip: native image gen ""usually 1-2 credits"" -> $10/1000=$0.01/credit -> $0.01-$0.02/image. Range, not a single figure; external-model rates range wider still.",expires_at_period_end,charged,on,multiple,advance_notice_stated,yes,14,conditional,self_serve_documented,multiple,lowest_paid,unknown,conditional,some_quantified,present
resume-io,primary,Resume.io,AI resume builder,active,no,Quarterly,2026-08-12,primary,1,archived,https://resume.io/pricing,archived,7,36,49.95,unknown,49.95,no,not_applicable,no_toggle,yes,some_quantified,1 resume | 1 cover letter,unknown,perpetual,yes,unknown,7,yes,no,not_applicable,not_applicable,not_applicable,per_seat_month,yes,"Quarterly tier, $49.95 billed every 3 months per default display state; unlimited resumes/cover letters (no credit/quota system) = per_seat_month unit; 49.95/3=16.65 per seat per month. first_charge_amount_usd read directly from the headline figure, no multiplication performed (no annual-to-monthly conversion applicable to a quarterly-billed tier).",not_applicable,not_applicable,on,multiple,no_notice_stated,yes,7,unconditional,self_serve_documented,multiple,unknown,unknown,user_owns,all_caps_quantified,absent
revid-ai,primary,Revid.ai,Faceless video,active,no,Hobby,2026-08-13,primary,1,archived,https://www.revid.ai/pricing,archived,5,5,39.0,per_month_billed_monthly,39.0,no,not_applicable,monthly_preselected,no,not_applicable,not_applicable,not_applicable,not_applicable,no,not_applicable,not_applicable,not_applicable,yes,yes,partial,docs_help_center,per_video_minute,no,not_applicable,expires_at_period_end,unknown,on,terms_only,unknown,yes,30,conditional,self_serve_documented,terms,lowest_paid,unknown,user_owns,unknown,present
rezi,primary,Rezi,AI resume builder,active,no,Pro,2026-08-10,primary,1,archived,https://www.rezi.ai/pricing,archived,3,5,29.00,per_month_billed_monthly,29.00,no,not_applicable,no_toggle,yes,some_quantified,1 Resume | 1 AI Interview | 3 PDF Downloads,unknown,perpetual,no,not_applicable,not_applicable,not_applicable,no,not_applicable,not_applicable,not_applicable,per_seat_month,yes,"Pro tier, $29.00/mo billed monthly per default display state (pricing page shows no toggle/annual option for Pro). Pro = unlimited/unmetered resumes, AI interviews, and PDF/DOCX/Drive downloads for one flat per-account fee, so principal-output unit = per_seat_month (unmetered-software rule). Cost per seat-month = plan price = $29.00; no conversion or division required (both price and allowance are already on the same, and only, period).",not_applicable,not_applicable,on,help_center_only,unknown,yes,30,conditional,self_serve_documented,multiple,enterprise_only,unknown,unknown,all_caps_quantified,absent
runway,primary,Runway,AI video generator,active,no,Standard,2026-08-12,primary,1,archived,https://runway.com/pricing,archived,2,5,12.0,per_month_billed_annually,144.0,no,adjacent,annual_preselected,yes,all_quantified,125 credits (one time) | 5GB asset storage,unknown,perpetual,no,not_applicable,not_applicable,not_applicable,yes,yes,yes,pricing_page,per_video_minute,partial,"First charge $144=$12/mo x12, per 'Billed annually'. Cost/output: Standard tier, Yearly default, 625 credits/mo; Gen-4.5 12cr/s->$13.82/min; other advertised models run 28-40cr/s->$32-46/min (full per-model table in coder_note) -- rate varies by model chosen, so partial not yes.",expires_at_period_end,unknown,on,terms_only,unknown,no_refunds_stated,0,not_applicable,self_serve_documented,terms,free,lowest_paid,user_owns,all_caps_quantified,absent
sapling,adjudicated,Sapling AI Detector,AI detector,active,no,Pro,2026-08-16,adjudicated,3,archived,https://sapling.ai/pricing,archived,6,9,25.0,per_month_billed_monthly,25.0,no,not_applicable,monthly_preselected,yes,all_quantified,2000 characters per query,not_applicable,perpetual,yes,no,30,no,no,not_applicable,not_applicable,not_applicable,per_seat_month,yes,"Pro, $25.00/month billed monthly, default display state (unchanged live 2026-08-16). Unit = per_seat_month (rule 2): flat, unmetered access; only caps are a 100,000-char/check limit and the unquantified AUP query clause, not a credit allowance. Cost/seat-month = $25.00 itself; no conversion.",not_applicable,not_applicable,on,terms_only,unknown,no_refunds_stated,0,not_applicable,contact_required,terms,not_applicable,not_applicable,not_applicable,some_quantified,present
shortsfaceless,primary,ShortsFaceless,Faceless video,active,no,Essential,2026-08-12,primary,1,local_copy_only,https://www.shortsfaceless.com/,archived,3,8,19.00,per_month_billed_monthly,19.00,no,not_applicable,no_toggle,no,not_applicable,not_applicable,not_applicable,not_applicable,no,not_applicable,not_applicable,not_applicable,yes,yes,yes,terms,other,yes,"Essential entry tier: $19/mo, pricing page default state (monthly-only, no toggle). Allowance 30 videos/mo (=30 credits/mo per ToS, 1 credit=1 video). Same period both sides, no conversion needed. 19/30=0.633, approx $0.63/video (unit coded 'other').",unknown,unknown,unknown,absent,unknown,yes,unknown,unconditional,unknown,pricing_page,lowest_paid,no_watermark,user_owns,all_caps_quantified,absent
speechify,primary,Speechify,AI voice,active,no,Premium,2026-08-12,primary,1,archived,https://speechify.com/pricing/,archived,6,6,29.0,per_month_billed_monthly,29.0,no,not_applicable,monthly_preselected,yes,all_quantified,10 voices | 1.5x max listening speed,unknown,perpetual,yes,yes,3,yes,no,not_applicable,not_applicable,not_applicable,per_seat_month,yes,"Premium, $29/mo billed monthly (default state, DOM-confirmed). Unit=per_seat_month (unmetered flat-fee access). Cost/seat-month = plan price directly = $29.00/mo; no allowance conversion needed since the unit equals the billing period itself.",not_applicable,unknown,on,terms_only,advance_notice_stated,yes,0,conditional,self_serve_documented,dedicated_refund_page,not_granted,unknown,unknown,all_caps_quantified,absent
squarespace,adjudicated,Squarespace,AI website builder,active,no,Basic,2026-08-17,adjudicated,3,archived,https://www.squarespace.com/pricing,archived,7,10,19.00,per_month_billed_annually,228.00,no,adjacent,annual_preselected,no,not_applicable,not_applicable,not_applicable,not_applicable,yes,no,14,unknown,yes,no,no,absent,per_seat_month,yes,"Basic (entry tier), default annual-preselected toggle. first_charge_amount_usd=228.00 is DIRECTLY PUBLISHED (ld+json Offer 'Basic -- Annually', USD, billingDuration P1Y, eligibleRegion US) -- NOT computed by multiplying a monthly figure by 12. headline_price_usd=19.00 is DERIVED (228.00/12=19.00) as the page's own monthly-styled-headline convention for an annual toggle; on-screen card numerals were unreadable in every capture checked (pre-hydration placeholder), so this is a documented conversion, not a silent one. Unit=per_seat_month; cost/output=plan price itself (19.00), no allowance to convert.",unknown,unknown,on,multiple,advance_notice_stated,yes,14,conditional,self_serve_documented,multiple,lowest_paid,unknown,user_owns,some_quantified,present
stable-audio,primary,Stable Audio,AI music generator,active,no,Pro,2026-08-12,primary,1,archived,https://stableaudio.com/pricing,archived,6,0,11.99,per_month_billed_monthly,11.99,no,not_applicable,no_toggle,yes,all_quantified,10 track generations per month | up to 6 minutes track duration | 6 minutes monthly upload amount | cropped at 30 seconds,unknown,perpetual,no,not_applicable,not_applicable,not_applicable,no,not_applicable,not_applicable,not_applicable,other,yes,"Pro tier, $11.99/mo per default display state (monthly-only billing, no toggle), 250 track generations/mo included per pricing page; 11.99/250=0.048 USD per track generation.",not_applicable,unknown,on,multiple,unknown,no_refunds_stated,0,not_applicable,self_serve_documented,terms,lowest_paid,unknown,user_owns,all_caps_quantified,absent
suno,primary,Suno,AI music generator,active,no,Pro Plan,2026-08-13,primary,1,local_copy_only,https://suno.com/pricing,local_copy_only,0,4,8.0,per_month_billed_annually,unknown,no,adjacent,annual_preselected,yes,all_quantified,50 credits per day | 8 minutes audio upload | 10 songs per day,unknown,perpetual,no,not_applicable,not_applicable,not_applicable,yes,no,no,absent,other,no,"not_applicable -- cost_per_output_computable=no (required credits-per-song rate not published) and first_charge_amount_usd was left unknown rather than calculated (no document states the annual plan's billing frequency), so no arithmetic was performed for either derived figure.",expires_at_period_end,unknown,on,terms_only,unknown,yes,unknown,conditional,self_serve_documented,multiple,lowest_paid,unknown,conditional,all_caps_quantified,present
synthesia,primary,Synthesia,AI avatar,active,no,Starter,2026-08-12,primary,1,archived,https://www.synthesia.io/pricing,archived,8,1,18.00,per_month_billed_annually,conflicting,no,adjacent,annual_preselected,yes,all_quantified,1200 credits per month | 10 minutes of video per month | 25 AI-generated video assets per month | 1 editor,yes,perpetual,no,not_applicable,not_applicable,not_applicable,yes,yes,yes,docs_help_center,per_video_minute,yes,"Starter, default Yearly display: $18/mo (x12=$216.00/yr); allowance 14,500 credits/yr = 1208.33 credits/mo; rate 2 credits/sec = 120 credits/min; 1208.33/120=10.07 min/mo; 18.00/10.07=$1.79/video-minute. Uses price-card figure per rule 1, not the conflicting FAQ total.",expires_at_period_end,unknown,on,multiple,no_notice_stated,no_refunds_stated,0,not_applicable,self_serve_documented,multiple,free,lowest_paid,user_owns,all_caps_quantified,present
teal,adjudicated,Teal,AI resume builder,active,no,"Teal+ Quarterly Plan ($79 billed every 90 days) -- so named in help.tealhq.com's cancellation-policy and 'Teal vs. Teal+' articles; the live pricing page itself labels the cadence only 'Every 90 days', with no plan-name text anywhere on that page.",2026-08-16,adjudicated,3,archived,https://www.tealhq.com/pricing,archived,1,9,79.0,unknown,79.0,no,not_applicable,no_toggle,yes,some_quantified,10 resume templates | top 5 keywords per job description | 1 email template per job stage | 10 AI bullet-generation credits | 2 AI professional-summary credits | 2 AI cover-letter credits,unknown,perpetual,no,not_applicable,not_applicable,not_applicable,yes,no,no,absent,per_seat_month,yes,"Entry tier Teal+ Quarterly, $79 billed every 90 days (default display state, no toggle). Teal+ is unmetered -- every AI-credit and platform-feature row reads ""Unlimited"" -- so there is no per-output allowance to divide by; unit = per_seat_month and the monthly-equivalent subscription price is itself the cost-per-output figure (codebook's unmetered-access rule). Conversion: 90 days treated as 3 x 30-day months, 79 / 3 = 26.33/mo (equivalently 79 x 30/90 = 26.33). Pure period arithmetic on the vendor's own published $79/90-day figure; no usage assumption required. Both passes performed the identical arithmetic and reached the identical $26.33/mo figure by equivalent routes (divide by 3 vs. multiply by 30/90); reconciled into one statement here, not a substantive disagreement -- disagreements.py tags this field PROSE because free-text arithmetic write-ups never match verbatim, not because the numbers differed.",unknown,unknown,on,terms_only,no_notice_stated,yes,14,conditional,self_serve_documented,multiple,unknown,unknown,user_owns,all_caps_quantified,absent
udio,adjudicated,Udio,AI music generator,active,no,Standard,2026-08-16,adjudicated,3,archived,https://www.udio.com/pricing,archived,8,4,8.0,per_month_billed_annually,96.0,no,adjacent,annual_preselected,yes,all_quantified,10 credits per day | 100 credits per month | 2 simultaneous generations (4 songs) | 3 full length (2:10s) song generations per day,unknown,perpetual,yes,unknown,7,yes,yes,yes,yes,multiple,other,yes,"Standard tier, $8/mo (default annual display=$96/yr), 2400 credits/mo (pricing page+help center; stale 1200 in 2 places, see conflict_note). Principal output=130s song=2 credits (help center). 2400/2=1200 songs/mo. 8/1200=$0.0067/song.",expires_at_period_end,unknown,on,multiple,unknown,no_refunds_stated,0,not_applicable,self_serve_documented,terms,not_granted,unknown,vendor_license_retained,all_caps_quantified,absent
undetectable-ai,adjudicated,Undetectable AI,AI humanizer,active,no,10K words/month,2026-08-16,adjudicated,3,archived,https://undetectable.ai/pricing,archived,7,7,5.0,per_month_billed_annually,60.0,no,adjacent,annual_preselected,yes,none_quantified,unknown,unknown,perpetual,yes,no,unknown,no,no,not_applicable,not_applicable,not_applicable,per_1k_words,yes,"10K words/month tier, $5.00/mo billed annually ($60.00/yr) per default (Yearly) display state; 10,000 words/month included, same page. Price and allowance already monthly, no conversion needed. 10000/1000=10; 5.00/10=0.50 USD per 1,000 words.",not_applicable,unknown,on,terms_only,no_notice_stated,yes,30,conditional,contact_required,multiple,unknown,unknown,unknown,some_quantified,present
vidnoz,adjudicated,Vidnoz,AI avatar,active,no,Starter,2026-08-16,adjudicated,3,archived,https://www.vidnoz.com/pricing.html,archived,5,4,19.99,per_month_billed_annually,239.88,no,adjacent,annual_preselected,yes,all_quantified,"8 credits/day | 3 mins/video | 2 photo avatars/day | 2,000 characters/scene | 1 expressive avatar use | 720p video export",yes,perpetual,no,not_applicable,not_applicable,not_applicable,yes,yes,yes,pricing_page,per_video_minute,yes,"Starter tier, $19.99/mo (default Yearly display), 450 credits/mo. FAQ: video=0.5 credits/1s=30 credits/min. 450/30=15 min/mo; 19.99/15=1.33 USD/video-min. First charge: refundpolicy.html states annual billed as one 'yearly deduction'; 19.99x12=239.88.",expires_at_period_end,unknown,on,terms_only,no_notice_stated,yes,7,conditional,conflicting,multiple,free,lowest_paid,user_owns,all_caps_quantified,absent
winston-ai,primary,Winston AI,AI detector,active,no,Essential,2026-08-13,primary,1,local_copy_only,https://gowinston.ai/pricing/,local_copy_only,0,2,10.00,per_month_billed_annually,120.00,no,adjacent,annual_preselected,no,not_applicable,not_applicable,not_applicable,not_applicable,yes,no,14,unknown,yes,yes,yes,docs_help_center,per_1k_words,yes,"Essential tier, $10/mo billed annually per default state ($120/yr total), 100,000 credits/mo included; AI-detector (principal output) rate = 1 credit/word per help center. 100000 credits / 1 = 100000 words/mo = 100 x 1k-word units; $10 / 100 = $0.10 per 1,000 words.",expires_at_period_end,unknown,on,terms_only,unknown,no_refunds_stated,0,not_applicable,self_serve_documented,terms,not_applicable,not_applicable,not_applicable,some_quantified,present
wix,adjudicated,Wix,AI website builder,active,no,Light,2026-08-17,adjudicated,3,archived,https://www.wix.com/plans,archived,9,17,17.0,per_month_billed_annually,204.0,no,same_page_secondary,no_toggle,yes,all_quantified,conflicting,yes,perpetual,no,not_applicable,not_applicable,not_applicable,yes,no,no,absent,per_seat_month,yes,"Light tier, $17/mo default display (billed annually, paid in full = 12mo, per pricing-page footnote): first charge 17x12=204.00. Same $17/mo is the per-seat-month output cost directly (unmetered plan, no allowance to convert).",expires_at_period_end,unknown,on,multiple,advance_notice_stated,yes,14,conditional,self_serve_documented,multiple,unknown,lowest_paid,user_owns,some_quantified,present
writehuman,primary,WriteHuman,AI humanizer,active,no,Basic,2026-08-13,primary,1,archived,https://writehuman.ai/pricing,archived,3,3,12.00,per_month_billed_annually,144.00,no,adjacent,annual_preselected,yes,all_quantified,3 humanizer requests per month | 250 words per request | 1 output variation | 10 detection checks per month | 10 image scans per month,unknown,perpetual,no,not_applicable,not_applicable,not_applicable,no,not_applicable,not_applicable,not_applicable,other,yes,"Basic (entry), $12/mo billed annually per default state ($144/yr stated directly, not multiplied). 80 humanizer requests/mo included (compare table + embedded JSON humanizer_max_req:80). Same period both sides, no conversion needed. 12/80=0.15 USD/request.",not_applicable,unknown,on,pricing_page,unknown,no_refunds_stated,0,not_applicable,self_serve_documented,multiple,not_granted,unknown,unknown,all_caps_quantified,absent
xseek,primary,xSeek,AI bot checker,active,no,Starter,2026-08-13,primary,1,archived,https://www.xseek.io/pricing,archived,5,15,249.99,per_month_billed_monthly,249.99,no,not_applicable,no_toggle,no,not_applicable,not_applicable,not_applicable,not_applicable,no,not_applicable,not_applicable,not_applicable,no,not_applicable,not_applicable,not_applicable,other,no,not_applicable,not_applicable,not_applicable,unknown,absent,no_notice_stated,no_refunds_stated,0,not_applicable,self_serve_documented,terms,unknown,unknown,unknown,all_caps_quantified,absent
zety,primary,Zety,AI resume builder,active,no,Annual Package,2026-08-13,primary,1,archived,https://zety.com/pricing,archived,3,3,5.95,per_month_billed_annually,71.4,no,adjacent,no_toggle,yes,none_quantified,not_applicable,unknown,perpetual,yes,unknown,14,yes,no,not_applicable,not_applicable,not_applicable,per_seat_month,yes,"Annual Package (entry tier): $5.95/mo per default display state (per_month_billed_annually; $71.40/yr as directly stated, not multiplied). Unmetered single-seat access, no credit system, so cost_per_seat_month = headline price = 5.95 (already monthly, no period conversion needed). first_charge_amount_usd (71.40) was read directly from the page, not computed.",not_applicable,not_applicable,on,multiple,no_notice_stated,yes,7,unconditional,self_serve_documented,multiple,not_granted,unknown,user_owns,all_caps_quantified,absent
